Frequence (Hz),Module (Ohm),Phase (deg)
10.00,15915.18,-89.64
10.19,15624.11,-89.63
10.38,15338.36,-89.63
10.57,15057.83,-89.62
10.77,14782.44,-89.61
10.97,14512.08,-89.61
11.17,14246.67,-89.60
11.38,13986.11,-89.59
11.59,13730.31,-89.58
11.81,13479.19,-89.57
12.03,13232.67,-89.57
12.25,12990.65,-89.56
12.48,12753.06,-89.55
12.71,12519.81,-89.54
12.95,12290.83,-89.53
13.19,12066.04,-89.53
13.44,11845.36,-89.52
13.69,11628.71,-89.51
13.94,11416.02,-89.50
14.20,11207.23,-89.49
14.47,11002.25,-89.48
14.73,10801.02,-89.47
15.01,10603.47,-89.46
15.29,10409.54,-89.45
15.57,10219.15,-89.44
15.86,10032.24,-89.43
16.16,9848.75,-89.42
16.46,9668.61,-89.41
16.77,9491.77,-89.40
17.08,9318.16,-89.39
17.40,9147.73,-89.37
17.72,8980.41,-89.36
18.05,8816.15,-89.35
18.39,8654.90,-89.34
18.73,8496.60,-89.33
19.08,8341.19,-89.31
19.43,8188.62,-89.30
19.80,8038.84,-89.29
20.17,7891.80,-89.27
20.54,7747.45,-89.26
20.92,7605.74,-89.25
21.31,7466.62,-89.23
21.71,7330.04,-89.22
22.12,7195.96,-89.20
22.53,7064.33,-89.19
22.95,6935.11,-89.17
23.37,6808.26,-89.16
23.81,6683.72,-89.14
24.25,6561.46,-89.13
24.71,6441.43,-89.11
25.17,6323.60,-89.09
25.63,6207.92,-89.08
26.11,6094.36,-89.06
26.60,5982.87,-89.04
27.09,5873.43,-89.02
27.60,5765.98,-89.01
28.11,5660.50,-88.99
28.64,5556.94,-88.97
29.17,5455.28,-88.95
29.71,5355.48,-88.93
30.27,5257.50,-88.91
30.83,5161.32,-88.89
31.40,5066.89,-88.87
31.99,4974.19,-88.85
32.59,4883.18,-88.83
33.19,4793.84,-88.80
33.81,4706.13,-88.78
34.44,4620.02,-88.76
35.08,4535.49,-88.74
35.74,4452.51,-88.71
36.40,4371.04,-88.69
37.08,4291.05,-88.66
37.77,4212.54,-88.64
38.47,4135.45,-88.61
39.19,4059.78,-88.59
39.92,3985.48,-88.56
40.66,3912.55,-88.54
41.42,3840.95,-88.51
42.19,3770.66,-88.48
42.98,3701.65,-88.45
43.78,3633.90,-88.42
44.60,3567.39,-88.39
45.43,3502.10,-88.36
46.27,3438.00,-88.33
47.14,3375.07,-88.30
48.01,3313.29,-88.27
48.91,3252.64,-88.24
49.82,3193.10,-88.21
50.75,3134.65,-88.17
51.69,3077.26,-88.14
52.66,3020.92,-88.10
53.64,2965.61,-88.07
54.64,2911.32,-88.03
55.65,2858.01,-87.99
56.69,2805.68,-87.96
57.75,2754.30,-87.92
58.82,2703.86,-87.88
59.92,2654.35,-87.84
61.03,2605.73,-87.80
62.17,2558.01,-87.76
63.33,2511.15,-87.72
64.51,2465.16,-87.68
65.71,2420.00,-87.63
66.93,2375.66,-87.59
68.18,2332.14,-87.54
69.45,2289.41,-87.50
70.75,2247.46,-87.45
72.06,2206.28,-87.40
73.41,2165.84,-87.35
74.77,2126.15,-87.30
76.17,2087.18,-87.25
77.59,2048.92,-87.20
79.03,2011.36,-87.15
80.50,1974.48,-87.10
82.00,1938.28,-87.04
83.53,1902.74,-86.99
85.09,1867.84,-86.93
86.67,1833.59,-86.87
88.29,1799.95,-86.82
89.93,1766.93,-86.76
91.61,1734.52,-86.69
93.31,1702.69,-86.63
95.05,1671.44,-86.57
96.82,1640.76,-86.51
98.63,1610.65,-86.44
100.46,1581.08,-86.37
102.33,1552.04,-86.31
104.24,1523.54,-86.24
106.18,1495.56,-86.17
108.16,1468.09,-86.09
110.18,1441.11,-86.02
112.23,1414.63,-85.95
114.32,1388.63,-85.87
116.45,1363.10,-85.79
118.62,1338.04,-85.71
120.83,1313.43,-85.63
123.08,1289.27,-85.55
125.37,1265.55,-85.47
127.71,1242.26,-85.38
130.09,1219.40,-85.30
132.51,1196.95,-85.21
134.98,1174.91,-85.12
137.49,1153.27,-85.03
140.05,1132.02,-84.93
142.66,1111.15,-84.84
145.32,1090.67,-84.74
148.03,1070.56,-84.64
150.78,1050.81,-84.54
153.59,1031.42,-84.44
156.45,1012.38,-84.33
159.37,993.69,-84.22
162.34,975.33,-84.12
165.36,957.31,-84.00
168.44,939.61,-83.89
171.58,922.24,-83.78
174.78,905.17,-83.66
178.03,888.42,-83.54
181.35,871.97,-83.41
184.73,855.82,-83.29
188.17,839.96,-83.16
191.67,824.38,-83.03
195.25,809.09,-82.90
198.88,794.07,-82.77
202.59,779.32,-82.63
206.36,764.84,-82.49
210.21,750.62,-82.34
214.12,736.66,-82.20
218.11,722.94,-82.05
222.17,709.48,-81.90
226.31,696.25,-81.74
230.53,683.26,-81.58
234.82,670.51,-81.42
239.20,657.98,-81.26
243.65,645.68,-81.09
248.19,633.60,-80.92
252.82,621.74,-80.74
257.53,610.08,-80.57
262.32,598.64,-80.38
267.21,587.40,-80.20
272.19,576.36,-80.01
277.26,565.52,-79.81
282.42,554.87,-79.62
287.69,544.41,-79.42
293.04,534.14,-79.21
298.50,524.05,-79.00
304.06,514.14,-78.78
309.73,504.40,-78.57
315.50,494.84,-78.34
321.38,485.45,-78.11
327.36,476.22,-77.88
333.46,467.16,-77.64
339.67,458.25,-77.40
346.00,449.51,-77.15
352.45,440.92,-76.89
359.01,432.48,-76.63
365.70,424.18,-76.36
372.51,416.04,-76.09
379.45,408.03,-75.81
386.52,400.17,-75.53
393.72,392.45,-75.24
401.06,384.86,-74.94
408.53,377.40,-74.63
416.14,370.08,-74.32
423.89,362.88,-74.00
431.79,355.81,-73.68
439.83,348.86,-73.34
448.03,342.03,-73.00
456.37,335.32,-72.65
464.87,328.73,-72.29
473.53,322.26,-71.92
482.35,315.89,-71.54
491.34,309.64,-71.16
500.49,303.50,-70.76
509.82,297.46,-70.36
519.31,291.53,-69.94
528.99,285.70,-69.51
538.84,279.98,-69.07
548.88,274.35,-68.62
559.11,268.82,-68.16
569.52,263.39,-67.69
580.13,258.06,-67.20
590.94,252.81,-66.70
601.95,247.66,-66.19
613.16,242.61,-65.66
624.58,237.64,-65.11
636.22,232.76,-64.56
648.07,227.97,-63.98
660.14,223.26,-63.39
672.44,218.64,-62.78
684.97,214.10,-62.16
697.73,209.65,-61.51
710.73,205.28,-60.85
723.97,200.99,-60.16
737.45,196.78,-59.46
751.19,192.66,-58.73
765.19,188.61,-57.98
779.44,184.64,-57.21
793.96,180.75,-56.41
808.75,176.94,-55.59
823.82,173.21,-54.74
839.17,169.56,-53.86
854.80,165.99,-52.95
870.72,162.49,-52.02
886.94,159.08,-51.05
903.47,155.74,-50.05
920.30,152.48,-49.02
937.44,149.31,-47.95
954.90,146.22,-46.85
972.69,143.20,-45.71
990.81,140.28,-44.53
1009.27,137.44,-43.31
1028.07,134.68,-42.05
1047.23,132.01,-40.75
1066.73,129.43,-39.41
1086.61,126.94,-38.02
1106.85,124.55,-36.59
1127.47,122.25,-35.12
1148.47,120.05,-33.59
1169.87,117.95,-32.02
1191.66,115.95,-30.41
1213.86,114.05,-28.74
1236.47,112.27,-27.03
1259.51,110.59,-25.28
1282.97,109.03,-23.48
1306.87,107.58,-21.64
1331.22,106.25,-19.75
1356.02,105.05,-17.83
1381.28,103.96,-15.87
1407.01,103.01,-13.88
1433.22,102.18,-11.86
1459.92,101.48,-9.81
1487.12,100.92,-7.74
1514.82,100.49,-5.65
1543.04,100.19,-3.54
1571.78,100.03,-1.43
1601.06,100.01,0.68
1630.89,100.12,2.80
1661.27,100.37,4.90
1692.22,100.75,7.00
1723.74,101.27,9.08
1755.86,101.92,11.13
1788.57,102.70,13.17
1821.89,103.61,15.17
1855.83,104.65,17.14
1890.40,105.81,19.08
1925.61,107.10,20.98
1961.49,108.50,22.83
1998.03,110.02,24.65
2035.25,111.66,26.42
2073.16,113.41,28.14
2111.78,115.26,29.82
2151.12,117.23,31.46
2191.20,119.29,33.04
2232.02,121.46,34.58
2273.60,123.72,36.07
2315.95,126.08,37.52
2359.10,128.54,38.93
2403.04,131.09,40.28
2447.81,133.72,41.60
2493.41,136.45,42.87
2539.86,139.26,44.10
2587.17,142.16,45.30
2635.37,145.14,46.45
2684.46,148.20,47.57
2734.47,151.35,48.65
2785.41,154.58,49.69
2837.30,157.89,50.70
2890.16,161.27,51.68
2944.00,164.74,52.63
2998.84,168.29,53.54
3054.71,171.91,54.43
3111.62,175.61,55.29
3169.58,179.39,56.12
3228.63,183.26,56.93
3288.77,187.19,57.71
3350.04,191.21,58.47
3412.45,195.31,59.20
3476.02,199.49,59.92
3540.77,203.75,60.61
3606.73,208.09,61.28
3673.92,212.52,61.93
3742.37,217.02,62.56
3812.08,221.61,63.18
3883.10,226.29,63.77
3955.44,231.05,64.35
4029.12,235.90,64.92
4104.18,240.84,65.47
4180.64,245.86,66.00
4258.52,250.98,66.52
4337.85,256.19,67.02
4418.66,261.49,67.52
4500.98,266.89,67.99
4584.82,272.38,68.46
4670.23,277.97,68.92
4757.24,283.66,69.36
4845.86,289.45,69.79
4936.13,295.35,70.21
5028.09,301.35,70.62
5121.76,307.45,71.02
5217.17,313.67,71.41
5314.36,319.99,71.79
5413.36,326.43,72.16
5514.21,332.98,72.52
5616.93,339.64,72.88
5721.57,346.43,73.22
5828.15,353.33,73.56
5936.73,360.36,73.89
6047.32,367.51,74.21
6159.98,374.79,74.53
6274.73,382.20,74.83
6391.62,389.74,75.13
6510.69,397.42,75.43
6631.98,405.23,75.71
6755.53,413.19,75.99
6881.38,421.28,76.27
7009.57,429.52,76.54
7140.15,437.91,76.80
7273.17,446.45,77.06
7408.66,455.14,77.31
7546.67,463.99,77.55
7687.26,472.99,77.79
7830.47,482.16,78.03
7976.34,491.50,78.26
8124.93,501.00,78.49
8276.29,510.67,78.71
8430.47,520.52,78.92
8587.52,530.55,79.14
8747.50,540.75,79.34
8910.45,551.15,79.55
9076.45,561.73,79.75
9245.53,572.50,79.94
9417.77,583.47,80.13
9593.21,594.64,80.32
9771.92,606.01,80.50
9953.96,617.59,80.68
10139.39,629.38,80.86
10328.28,641.38,81.03
10520.69,653.60,81.20
10716.68,666.05,81.36
10916.32,678.72,81.53
11119.68,691.62,81.69
11326.83,704.76,81.84
11537.83,718.15,82.00
11752.77,731.77,82.15
11971.71,745.65,82.29
12194.73,759.78,82.44
12421.91,774.16,82.58
12653.32,788.82,82.72
12889.04,803.74,82.85
13129.15,818.93,82.99
13373.73,834.41,83.12
13622.87,850.17,83.25
13876.65,866.22,83.37
14135.16,882.56,83.49
14398.48,899.21,83.61
14666.71,916.16,83.73
14939.93,933.42,83.85
15218.25,951.00,83.96
15501.75,968.91,84.08
15790.53,987.15,84.19
16084.69,1005.72,84.29
16384.34,1024.64,84.40
16689.56,1043.90,84.50
17000.47,1063.52,84.60
17317.17,1083.50,84.70
17639.77,1103.86,84.80
17968.38,1124.58,84.90
18303.12,1145.70,84.99
18644.09,1167.20,85.09
18991.41,1189.10,85.18
19345.20,1211.40,85.26
19705.58,1234.12,85.35
20072.67,1257.26,85.44
20446.61,1280.82,85.52
20827.51,1304.83,85.60
21215.50,1329.27,85.69
21610.73,1354.17,85.77
22013.31,1379.54,85.84
22423.40,1405.37,85.92
22841.12,1431.68,85.99
23266.63,1458.48,86.07
23700.06,1485.77,86.14
24141.57,1513.57,86.21
24591.30,1541.89,86.28
25049.42,1570.73,86.35
25516.06,1600.11,86.42
25991.40,1630.03,86.48
26475.59,1660.51,86.55
26968.81,1691.56,86.61
27471.21,1723.18,86.67
27982.97,1755.38,86.73
28504.26,1788.19,86.79
29035.27,1821.61,86.85
29576.17,1855.64,86.91
30127.14,1890.31,86.97
30688.38,1925.62,87.02
31260.07,1961.59,87.08
31842.42,1998.22,87.13
32435.61,2035.54,87.18
33039.85,2073.55,87.24
33655.35,2112.27,87.29
34282.31,2151.70,87.34
34920.96,2191.87,87.39
35571.50,2232.79,87.43
36234.16,2274.47,87.48
36909.17,2316.92,87.53
37596.75,2360.16,87.57
38297.14,2404.21,87.62
39010.58,2449.07,87.66
39737.30,2494.77,87.70
40477.57,2541.32,87.74
41231.63,2588.73,87.79
41999.73,2637.03,87.83
42782.14,2686.22,87.87
43579.13,2736.33,87.91
44390.97,2787.38,87.94
45217.92,2839.37,87.98
46060.29,2892.33,88.02
46918.35,2946.27,88.05
47792.39,3001.22,88.09
48682.71,3057.19,88.13
49589.62,3114.20,88.16
50513.42,3172.28,88.19
51454.44,3231.43,88.23
52412.98,3291.69,88.26
53389.38,3353.06,88.29
54383.97,3415.58,88.32
55397.09,3479.27,88.35
56429.08,3544.13,88.38
57480.30,3610.21,88.41
58551.10,3677.52,88.44
59641.85,3746.07,88.47
60752.92,3815.91,88.50
61884.68,3887.04,88.53
63037.53,3959.50,88.55
64211.86,4033.31,88.58
65408.06,4108.49,88.61
66626.55,4185.08,88.63
67867.73,4263.08,88.66
69132.04,4342.54,88.68
70419.90,4423.48,88.70
71731.75,4505.93,88.73
73068.04,4589.91,88.75
74429.22,4675.46,88.77
75815.76,4762.60,88.80
77228.14,4851.36,88.82
78666.82,4941.77,88.84
80132.30,5033.87,88.86
81625.09,5127.68,88.88
83145.68,5223.24,88.90
84694.60,5320.58,88.92
86272.37,5419.73,88.94
87879.54,5520.73,88.96
89516.65,5623.61,88.98
91184.25,5728.40,89.00
92882.92,5835.15,89.02
94613.24,5943.88,89.04
96375.79,6054.64,89.05
98171.17,6167.47,89.07
100000.00,6282.39,89.09
